LIPID CATEGORY|LIPID CATEGORY|SUM COMPOSITION|INDIVIDUAL LIPID SPECIES |poner por niveles|FORMULA|MONOISOTOPIC MASS|RT
FATTY ACYLS (FA)||FA 14:0|C14:0||C14H28O2|228,2094|2,72
FATTY ACYLS (FA)||FA 14:1|C14:1||C14H26O2|226,1931|2,08
FATTY ACYLS (FA)||FA 15:0|C15:0||C15H30O2|242,2249|3,16
FATTY ACYLS (FA)||FA 16:0|C16:0||C16H32O2|256,2413|3,61
FATTY ACYLS (FA)||FA 16:1|C16:1||C16H30O2|254,2252|2,92
FATTY ACYLS (FA)||FA 16:2|C16:2||C16H28O2|252,2085|2,41
FATTY ACYLS (FA)||FA 16:3|C16:3||C16H26O2|250,1936|1,98
FATTY ACYLS (FA)||FA 17:0|C17:0||C17H34O2|270,2564|4,02
FATTY ACYLS (FA)||FA 17:1|C17:1||C17H32O2|268,2406|3,36
FATTY ACYLS (FA)||FA 18:0|C18:0||C18H36O2|284,2728|4,41
FATTY ACYLS (FA)||FA 18:1|C18:1||C18H34O2|282,2569|3,77
FATTY ACYLS (FA)||FA 18:2|C18:2||C18H32O2|280,2414|3,18
FATTY ACYLS (FA)||FA 18:3|C18:3||C18H30O2|278,2251|2,67
FATTY ACYLS (FA)||FA 19:0|C19.0||C19H38O2|298,2874|4,79
FATTY ACYLS (FA)||FA 19:1|C19:1||C19H36O2|296,2717|4,14
FATTY ACYLS (FA)||FA 20:0|C20:0||C20H40O2|312,3033|5,23
FATTY ACYLS (FA)||FA 20:1|C20:1||C20H38O2|310,2878|4,51
FATTY ACYLS (FA)||FA 20:2|C20:2||C20H36O2|308,2718|3,98
FATTY ACYLS (FA)||FA 20:3|C20:3||C20H34O2|306,2559|3,49
FATTY ACYLS (FA)||FA 20:4|C20:4||C20H32O2|304,2402|3,09
FATTY ACYLS (FA)||FA 20:5|C20:5||C20H30O2|302,2253|2,60
FATTY ACYLS (FA)||FA 22:0|C22:0||C22H44O2|340,3347|6,36
FATTY ACYLS (FA)||FA 22:1|C22:1||C22H42O2|338,3225|5,31
FATTY ACYLS (FA)||FA 22:4|C22:4||C22H36O2|332,2706|3,77
FATTY ACYLS (FA)||FA 22:5|C22:5||C22H34O2|330,2552|3,31
FATTY ACYLS (FA)||FA 22:6|C22:6||C22H32O2|328,2397|2,91
FATTY ACYLS (FA)||FA 23:0|C23:0||C23H46O2|354,3499|6,31
FATTY ACYLS (FA)||FA 24:0|C24:0||C24H48O2|368,3660|7,78
FATTY ACYLS (FA)||FA 24:1|C24:1||C24H46O2|366,3504|6,41
FATTY ACYLS (FA)||FA 25:0|C25:0||C25H50O2|382,3812|7,88
FATTY ACYLS (FA)||FA 26:0|C26:0||C26H52O2|396,3967|8,92
FATTY ACYLS (FA)||FA 28:7|C28:7||C28H42O2|410,3179|5,32
FATTY ACYLS (FA)||FA 33:0|C33:0||C33H66O2|494,5063|12,83
FATTY ACYLS (FA)||FA 34:0|C34:0||C34H68O2|508,5219|13,04
FATTY ACYLS (FA)||FA 36:0|C36:0||C36H72O2|536,5532|13,49
FATTY ACYLS (FA)|FA|CAR 10:0|CAR10:0||C17H33NO4|315,2435|0,96
FATTY ACYLS (FA)|FA|CAR 10:1|CAR10:1||C17H31NO4|313,2276|0,91
FATTY ACYLS (FA)|FA|CAR 11:0|CAR11:0||C18H35NO4|329,2580|0,98
FATTY ACYLS (FA)|FA|CAR 11:1|CAR11:1||C18H33NO4|327,2428|0,95
FATTY ACYLS (FA)|FA|CAR 12:0|CAR12:0||C19H37NO4|343,2744|1,06
FATTY ACYLS (FA)|FA|CAR 12:1|CAR12:1||C19H35NO4|341,2560|0,98
FATTY ACYLS (FA)|FA|CAR 13:1|CAR13:1||C20H37NO4|355,2723|0,98
FATTY ACYLS (FA)|FA|CAR 14:1|CAR14:1||C21H39NO4|369,2889|1,07
FATTY ACYLS (FA)|FA|CAR 14:2|CAR14:2||C21H37NO4|367,2705|0,99
FATTY ACYLS (FA)|FA|CAR 16:0|CAR16:0||C23H45NO4|399,3392|2,39
FATTY ACYLS (FA)||CAR 16:1|CAR16:1||C23H43NO4|397,3195|1,80
FATTY ACYLS (FA)||CAR 18:1|CAR18:1||C25H47NO4|425,3505|2,57
FATTY ACYLS (FA)||CAR 2:0|CAR2:0||C9H17NO4|203,1146|0,73
FATTY ACYLS (FA)||CAR 4:0|CAR4:0||C11H21NO4|231,1471|0,79
FATTY ACYLS (FA)||CAR 5:0|CAR5:0||C12H23NO4|245,1620|0,81
FATTY ACYLS (FA)||CAR 6:0|CAR6:0||C13H25NO4|259,1784|0,80
FATTY ACYLS (FA)||CAR 8:0|CAR8:0||C15H29NO4|287,2110|0,86
FATTY ACYLS (FA)||CAR 8:1|CAR8:1||C15H27NO4|285,1944|0,83
FATTY ACYLS (FA)||CAR 9:0|CAR9:0||C16H31NO4|301,2264|0,87
FATTY ACYLS (FA)||CAR 9:1|CAR9:1||C16H29NO4|299,2097|0,85
FATTY ACYLS (FA)||CARNITINE|CARNITINE||C7H15NO3|161,1055|0,76
STEROL LIPIDS (ST)||CE 16:0|CE(16:0)||C43H76O2|624,5828|15,83
STEROL LIPIDS (ST)||CE 16:1|CE(16:1)||C43H74O2|622,5571|14,94
STEROL LIPIDS (ST)||CE 16:3|CE(16:3)||C43H70O2|618,5376|11,87
STEROL LIPIDS (ST)||CE 18:1|CE(18:1)||C45H78O2|650,5953|15,77
STEROL LIPIDS (ST)||CE 18:2|CE(18:2)||C45H76O2|648,5873|14,99
STEROL LIPIDS (ST)||CE 18:3|CE(18:3)||C45H74O2|646,5660|14,42
STEROL LIPIDS (ST)||CE 20:3|CE(20:3)||C47H78O2|674,5905|15,04
STEROL LIPIDS (ST)||CE 20:4|CE(20:4)||C47H76O2|672,5879|14,58
STEROL LIPIDS (ST)||CE 20:5|CE(20:5)||C47H74O2|670,5591|14,09
STEROL LIPIDS (ST)||CE 22:4|CE(22:4)||C49H80O2|700,6112|15,14
STEROL LIPIDS (ST)||CE 22:5|CE(22:5)||C49H78O2|698,5892|14,57
STEROL LIPIDS (ST)||CE 22:6|CE(22:6)||C49H76O2|696,5815|14,24
SPHINGOLIPIDS (SP)||Cer 38:0|Cer(d16:0/22:0)||C38H77NO3|595,5903|12,09
SPHINGOLIPIDS (SP)||Cer 39:1|Cer(d16:1/23:0)||C39H78NO3|607,5903|12,14
SPHINGOLIPIDS (SP)||Cer 36:0|Cer(d18:0/18:0)||C36H73NO3|567,5549|11,77
SPHINGOLIPIDS (SP)||Cer 38:0|Cer(d18:0/20:0)||C38H77NO3|595,5903|12,12
SPHINGOLIPIDS (SP)||Cer 40:0|Cer(d18:0/22:0)||C40H81NO3|623,6200|12,37
SPHINGOLIPIDS (SP)||Cer 41:0|Cer(d18:0/23:0)||C41H83NO3|637,6351|12,53
SPHINGOLIPIDS (SP)||Cer 42:0|Cer(d18:0/24:0)||C42H85NO3|651,6521|12,69
SPHINGOLIPIDS (SP)||Cer 42:1|Cer(d18:0/24:1)||C42H83NO3|649,6351|12,36
SPHINGOLIPIDS (SP)||Cer 43:0|Cer(d18:0/25:0)||C43H87NO3|665,6541|12,91
SPHINGOLIPIDS (SP)||Cer 34:0|Cer(d18:0_16:0)||C34H69NO3|539,5172|9,91
SPHINGOLIPIDS (SP)||Cer 34:1|Cer(d18:1/16:0)||C34H67NO3|537,5125|9,02
SPHINGOLIPIDS (SP)||Cer 34:2|Cer(d18:1/16:1)||C34H65NO3|535,4957|7,64
SPHINGOLIPIDS (SP)||Cer 36:1|Cer(d18:1/18:0)||C36H71NO3|565,5437|11,41
SPHINGOLIPIDS (SP)||Cer 38:1|Cer(d18:1/20:0)||C38H75NO3|593,5751|11,96
SPHINGOLIPIDS (SP)||Cer 38:2|Cer(d18:1/20:1)||C38H73NO3|591,5582|11,59
SPHINGOLIPIDS (SP)||Cer 40:1|Cer(d18:1/22:0)||C40H79NO3|621,6067|12,25
SPHINGOLIPIDS (SP)||Cer 40:2|Cer(d18:1/22:1)||C40H77NO3|619,5905|12,01
SPHINGOLIPIDS (SP)||Cer 41:1|Cer(d18:1/23:0)||C41H81NO3|635,6228|12,40
SPHINGOLIPIDS (SP)||Cer 41:2|Cer(d18:1/23:1)||C41H79NO3|633,6060|12,20
SPHINGOLIPIDS (SP)||Cer 42:1|Cer(d18:1/24:0)||C42H83NO3|649,6387|12,56
SPHINGOLIPIDS (SP)||Cer 42:2|Cer(d18:1/24:1)||C42H81NO3|647,6216|12,26
SPHINGOLIPIDS (SP)||Cer 43:1|Cer(d18:1/25:0)||C43H85NO3|663,6534|12,65
SPHINGOLIPIDS (SP)||Cer 43:2|Cer(d18:1/25:1)||C43H83NO3|661,6365|12,29
SPHINGOLIPIDS (SP)||Cer 44:2|Cer(d18:1/26:1)||C44H85NO3|675,6624|12,44
SPHINGOLIPIDS (SP)||Cer 40:2|Cer(d18:2/22:0)||C40H77NO3|619,5903|12,04
SPHINGOLIPIDS (SP)||Cer 41:2|Cer(d18:2/23:0)||C41H79NO3|633,6053|12,16
SPHINGOLIPIDS (SP)||Cer 42:2|Cer(d18:2/24:0)||C42H81NO3|647,6225|12,24
SPHINGOLIPIDS (SP)||Cer 43:1|Cer(d19:1/24:0)||C43H85NO3|663,6529|12,67
SPHINGOLIPIDS (SP)||Cer 44:0|Cer(d20:0/24:0)||C44H89NO3|679,6828|13,03
SPHINGOLIPIDS (SP)||Cer 44:1|Cer(d20:1/24:0)||C44H87NO3|677,6679|12,88
SPHINGOLIPIDS (SP)||Cer 46:0|Cer(d22:0/24:0)||C46H93NO3|707,7143|13,40
GLYCEROLIPIDS (GL)||DG 34:3|DG(16:0_18:3_0:0)||C37H66O5|590,4836|11,07
GLYCEROLIPIDS (GL)||DG 36:4|DG(16:0_20:4_0:0)||C39H68O5|616,5117|11,55
GLYCEROLIPIDS (GL)||DG 34:3|DG(16:1_18:2_0:0)||C37H66O5|590,4939|10,17
GLYCEROLIPIDS (GL)||DG 36:5|DG(18:2_18:3_0:0)||C39H66O5|614,4856|9,42
GLYCEROLIPIDS (GL)||DG 32:1|DG32:1||C35H66O5|566,4883|11,48
GLYCEROLIPIDS (GL)||DG 34:1|DG34:1||C37H70O5|594,5225|11,94
GLYCEROLIPIDS (GL)||DG 34:2|DG34:2||C37H68O5|592,5053|11,67
GLYCEROLIPIDS (GL)||DG 36:2|DG36:2||C39H72O5|620,5190|12,00
GLYCEROLIPIDS (GL)||DG 36:3|DG36:3||C39H70O5|618,5244|11,69
GLYCEROLIPIDS (GL)||DG 36:4|DG36:4||C39H68O5|616,5019|10,87
GLYCEROLIPIDS (GL)||DG 38:4|DG38:4||C41H72O5|644,5430|11,85
GLYCEROLIPIDS (GL)||DG 38:5|DG38:5||C41H70O5|642,5204|11,58
FATTY ACYLS (FA)||FAHFA 34:2|FAHFA16:0_(FA18:2)||C34H62O4|534,4651|3,66
FATTY ACYLS (FA)||FAHFA 36:1|FAHFA18:0_(FA20:2)||C38H70O4|590,5236|4,41
FATTY ACYLS (FA)||FAHFA 38:2|FAHFA18:1_(FA18:0)||C36H68O4|564,5081|3,78
FATTY ACYLS (FA)||FAHFA 38:4|FAHFA18:1_(FA20:3)||C38H66O4|586,4943|3,78
FATTY ACYLS (FA)||FAHFA 38:6|FAHFA18:2_(FA20:4)||C38H62O4|582,4631|3,19
FATTY ACYLS (FA)||FAHFA 40:5|FAHFA18:2_(FA22:3)||C40H68O4|612,5095|11,61
GLYCEROLIPIDS (GL)||HexCer 34:1|GlcCer(d18:1/16:0)||C40H77NO8|699,5551|7,59
GLYCEROLIPIDS (GL)||HexCer 40:1|GlcCer(d18:1/22:0)||C46H89NO8|783,6574|12,10
GLYCEROLIPIDS (GL)||HexCer 41:1|GlcCer(d18:1/23:0)||C47H91NO8|797,6804|12,24
GLYCEROLIPIDS (GL)||HexCer 42:1|GlcCer(d18:1/24:0)||C48H93NO8|811,6899|12,23
GLYCEROLIPIDS (GL)||HexCer 42:2|GlcCer(d20:2/22:0)||C48H91NO8|809,6738|11,97
GLYCEROLIPIDS (GL)||MG 16:4|MG(16:4/0:0/0:0)||C19H30O4|322,2153|0,98
GLYCEROLIPIDS (GL)||MG 18:2|MG(18:2/0:0/0:0)||C21H38O4|354,2761|1,63
GLYCEROLIPIDS (GL)||MG 20:2|MG(20:2/0:0/0:0)||C23H42O4|382,3123|2,40
FATTY ACYLS (FA)||MG 20:3|MG(20:3/0:0/0:0)||C23H40O4|380,2931|1,80
FATTY ACYLS (FA)||NAE 14:0|NAE14:0||C16H33NO2|271,2514|1,07
FATTY ACYLS (FA)||NAE 16:0|NAE16:0||C18H37NO2|299,2821|1,41
FATTY ACYLS (FA)||NAE 18:0|NAE18:0||C20H41NO2|327,3134|2,47
GLYCEROPHOSPHOLIPIDS (GP)||LPA 20:4|PA(20:4_0:0)||C23H39O7P|458,2433|2,63
GLYCEROPHOSPHOLIPIDS (GP)||PA 32:1|PA32:1||C35H67O8P|646,4574|12,25
GLYCEROPHOSPHOLIPIDS (GP)||PA 34:2|PA34:2||C37H69O8P|672,4730|7,87
GLYCEROPHOSPHOLIPIDS (GP)||PA 36:4|PA36:4||C39H69O8P|696,4730|7,64
GLYCEROPHOSPHOLIPIDS (GP)||PC O-30:1/PC P-30:0|PC O-30:1/PC P-30:0||C38H76NO7P|689,5275|8,20
GLYCEROPHOSPHOLIPIDS (GP)||LPC 14:0|PC(0:0/14:0)||C22H46NO7P|467,3005|1,42
GLYCEROPHOSPHOLIPIDS (GP)||LPC 16:0|PC(0:0/16:0)||C24H50NO7P|495,3333|2,43
GLYCEROPHOSPHOLIPIDS (GP)||LPC 16:1|PC(0:0/16:1)||C24H48NO7P|493,3149|1,58
GLYCEROPHOSPHOLIPIDS (GP)||LPC 17:0|PC(0:0/17:0)||C25H52NO7P|509,3495|2,91
GLYCEROPHOSPHOLIPIDS (GP)||LPC 18:0|PC(0:0/18:0)||C26H54NO7P|523,3630|3,23
GLYCEROPHOSPHOLIPIDS (GP)||LPC 18:1|PC(0:0/18:1)||C26H52NO7P|521,3484|2,62
GLYCEROPHOSPHOLIPIDS (GP)||LPC 18:2|PC(0:0/18:2)||C26H50NO7P|519,3309|2,05
GLYCEROPHOSPHOLIPIDS (GP)||LPC 18:3|PC(0:0/18:3)||C26H48NO7P|517,3129|2,43
GLYCEROPHOSPHOLIPIDS (GP)||LPC 20:0|PC(0:0/20:0)||C28H58NO7P|551,3994|4,10
GLYCEROPHOSPHOLIPIDS (GP)||LPC 20:2|PC(0:0/20:2)||C28H54NO7P|547,3634|2,88
GLYCEROPHOSPHOLIPIDS (GP)||LPC 20:3|PC(0:0/20:3)||C28H52NO7P|545,3458|2,35
GLYCEROPHOSPHOLIPIDS (GP)||LPC 20:4|PC(0:0/20:4)||C28H50NO7P|543,3303|2,02
GLYCEROPHOSPHOLIPIDS (GP)||LPC 20:5|PC(0:0/20:5)||C28H48NO7P|541,3137|1,38
GLYCEROPHOSPHOLIPIDS (GP)||LPC 22:4|PC(0:0/22:4)||C30H54NO7P|571,3635|2,70
GLYCEROPHOSPHOLIPIDS (GP)||LPC 22:6|PC(0:0/22:6)||C30H50NO7P|567,3352|1,95
GLYCEROPHOSPHOLIPIDS (GP)||LPC 14:0|PC(14:0/0:0)||C22H46NO7P|467,3012|1,80
GLYCEROPHOSPHOLIPIDS (GP)||PC 32:2|PC(14:0_18:2)||C40H76NO8P|729,5311|6,52
GLYCEROPHOSPHOLIPIDS (GP)||PC 34:4|PC(14:0_20:4)||C42H76NO8P|753,5312|6,37
GLYCEROPHOSPHOLIPIDS (GP)||PC 36:6|PC(14:0_22:6)||C44H76NO8P|777,5330|6,14
GLYCEROPHOSPHOLIPIDS (GP)||LPC 15:0|PC(15:0/0:0)||C23H48NO7P|481,3150|2,18
GLYCEROPHOSPHOLIPIDS (GP)||LPC 16:0|PC(16:0/0:0)||C24H50NO7P|495,3326|2,62
GLYCEROPHOSPHOLIPIDS (GP)||PC 32:0|PC(16:0/16:0)||C40H80NO8P|733,5582|9,22
GLYCEROPHOSPHOLIPIDS (GP)||PC 34:1|PC(16:0/18:1)||C42H82NO8P|759,5749|9,57
GLYCEROPHOSPHOLIPIDS (GP)||PC 34:2|PC(16:0/18:2)||C42H80NO8P|757,5615|8,04
GLYCEROPHOSPHOLIPIDS (GP)||PC 34:3|PC(16:0/18:3)||C42H78NO8P|755,5486|7,00
GLYCEROPHOSPHOLIPIDS (GP)||PC 36:4|PC(16:0/20:4)||C44H80NO8P|781,5622|7,82
GLYCEROPHOSPHOLIPIDS (GP)||PC 36:5|PC(16:0/20:5)||C44H78NO8P|779,5462|6,87
GLYCEROPHOSPHOLIPIDS (GP)||PC 38:5|PC(16:0/22:5)||C46H82NO8P|807,5751|8,58
GLYCEROPHOSPHOLIPIDS (GP)||PC 38:6|PC(16:0/22:6)||C46H80NO8P|805,5671|7,48
GLYCEROPHOSPHOLIPIDS (GP)||PC 30:0|PC(16:0_14:0)||C38H76NO8P|705,5304|7,32
GLYCEROPHOSPHOLIPIDS (GP)||PC 32:1|PC(16:0_16:1)||C40H78NO8P|731,5445|7,59
GLYCEROPHOSPHOLIPIDS (GP)||PC 36:3|PC(16:0_20:3)||C44H82NO8P|783,5745|8,59
GLYCEROPHOSPHOLIPIDS (GP)||PC 36:3|PC(16:0_20:3)||C44H82NO8P|783,5769|9,19
GLYCEROPHOSPHOLIPIDS (GP)||PC 38:4|PC(16:0_22:4)||C46H84NO8P|809,5972|9,30
GLYCEROPHOSPHOLIPIDS (GP)||PC 40:4|PC(16:0_24:4)||C48H88NO8P|837,6181|11,67
GLYCEROPHOSPHOLIPIDS (GP)||LPC 16:1|PC(16:1/0:0)||C24H48NO7P|493,3148|1,97
GLYCEROPHOSPHOLIPIDS (GP)||PC 36:5|PC(16:1/20:4)||C44H78NO8P|779,5455|6,55
GLYCEROPHOSPHOLIPIDS (GP)||PC 30:1|PC(16:1_14:0)||C38H74NO8P|703,5152|6,20
GLYCEROPHOSPHOLIPIDS (GP)||PC 34:3|PC(16:1_18:2)||C42H78NO8P|755,5458|6,72
GLYCEROPHOSPHOLIPIDS (GP)||PC 38:7|PC(16:1_22:6)||C46H78NO8P|803,5472|6,32
GLYCEROPHOSPHOLIPIDS (GP)||LPC 17:0|PC(17:0/0:0)||C25H52NO7P|509,3496|3,05
GLYCEROPHOSPHOLIPIDS (GP)||LPC 18:0|PC(18:0/0:0)||C26H54NO7P|523,3631|3,48
GLYCEROPHOSPHOLIPIDS (GP)||PC 34:0|PC(18:0/16:0)||C42H84NO8P|761,5980|11,37
GLYCEROPHOSPHOLIPIDS (GP)||PC 34:3|PC(18:0/16:3)||C42H78NO8P|755,5452|7,20
GLYCEROPHOSPHOLIPIDS (GP)||PC 36:0|PC(18:0/18:0)||C44H88NO8P|789,6257|11,95
GLYCEROPHOSPHOLIPIDS (GP)||PC 36:2|PC(18:0/18:2)||C44H84NO8P|785,5920|10,25
GLYCEROPHOSPHOLIPIDS (GP)||PC 38:1|PC(18:0/20:1)||C46H90NO8P|815,6394|11,97
GLYCEROPHOSPHOLIPIDS (GP)||PC 38:4|PC(18:0/20:4)||C46H84NO8P|809,5980|9,95
GLYCEROPHOSPHOLIPIDS (GP)||PC 40:4|PC(18:0/22:4)||C48H88NO8P|837,6172|11,48
GLYCEROPHOSPHOLIPIDS (GP)||PC 40:5|PC(18:0/22:5)||C48H86NO8P|835,6051|10,19
GLYCEROPHOSPHOLIPIDS (GP)||PC 40:6|PC(18:0/22:6)||C48H84NO8P|833,5969|9,45
GLYCEROPHOSPHOLIPIDS (GP)||PC 36:1|PC(18:0_18:1)||C44H86NO8P|787,6060|11,59
GLYCEROPHOSPHOLIPIDS (GP)||PC 36:3|PC(18:0_18:3)||C44H82NO8P|783,5786|11,47
GLYCEROPHOSPHOLIPIDS (GP)||PC 36:4|PC(18:0_18:4)||C44H80NO8P|781,5588|7,45
GLYCEROPHOSPHOLIPIDS (GP)||PC 38:3|PC(18:0_20:3)||C46H86NO8P|811,6048|11,05
GLYCEROPHOSPHOLIPIDS (GP)||LPC 18:1|PC(18:1/0:0)||C26H52NO7P|521,3455|2,80
GLYCEROPHOSPHOLIPIDS (GP)||PC 36:2|PC(18:1/18:1)||C44H84NO8P|785,5911|9,89
GLYCEROPHOSPHOLIPIDS (GP)||PC 36:3|PC(18:1/18:2)||C44H82NO8P|783,5748|8,27
GLYCEROPHOSPHOLIPIDS (GP)||PC 36:5|PC(18:1/18:4)||C44H78NO8P|779,5465|6,85
GLYCEROPHOSPHOLIPIDS (GP)||PC 38:2|PC(18:1/20:1)||C46H88NO8P|813,6276|11,69
GLYCEROPHOSPHOLIPIDS (GP)||PC 40:7|PC(18:1/22:6)||C48H82NO8P|831,5790|7,68
GLYCEROPHOSPHOLIPIDS (GP)||PC 38:4|PC(18:1_20:3)||C46H84NO8P|809,5962|8,87
GLYCEROPHOSPHOLIPIDS (GP)||PC 38:5|PC(18:1_20:4)||C46H82NO8P|807,5769|8,27
GLYCEROPHOSPHOLIPIDS (GP)||PC 40:6|PC(18:1_22:5)||C48H84NO8P|833,5978|8,25
GLYCEROPHOSPHOLIPIDS (GP)||LPC 18:2|PC(18:2/0:0)||C26H50NO7P|519,3311|2,24
GLYCEROPHOSPHOLIPIDS (GP)||PC 36:3|PC(18:2/18:1)||C44H82NO8P|783,5778|8,10
GLYCEROPHOSPHOLIPIDS (GP)||PC 36:4|PC(18:2/18:2)||C44H80NO8P|781,5583|7,09
GLYCEROPHOSPHOLIPIDS (GP)||PC 36:5|PC(18:2/18:3)||C44H78NO8P|779,5444|6,23
GLYCEROPHOSPHOLIPIDS (GP)||PC 38:6|PC(18:2/20:4)||C46H80NO8P|805,5663|6,89
GLYCEROPHOSPHOLIPIDS (GP)||PC 38:7|PC(18:2_20:5)||C46H78NO8P|803,5461|6,14
GLYCEROPHOSPHOLIPIDS (GP)||LPC 18:3|PC(18:3/0:0)||C26H48NO7P|517,3161|2,62
GLYCEROPHOSPHOLIPIDS (GP)||PC 37:1|PC(19:0_18:1)||C45H88NO8P|801,6275|11,83
GLYCEROPHOSPHOLIPIDS (GP)||PC 37:2|PC(19:0_18:2)||C45H86NO8P|799,6121|11,40
GLYCEROPHOSPHOLIPIDS (GP)||LPC 20:0|PC(20:0/0:0)||C28H58NO7P|551,3963|4,25
GLYCEROPHOSPHOLIPIDS (GP)||PC 40:2|PC(20:0_20:2)||C48H92NO8P|841,6643|12,05
GLYCEROPHOSPHOLIPIDS (GP)||LPC 20:1|PC(20:1_0:0)||C28H56NO7P|549,3766|3,58
GLYCEROPHOSPHOLIPIDS (GP)||PC 38:3|PC(20:1_18:2)||C46H86NO8P|811,6094|10,40
GLYCEROPHOSPHOLIPIDS (GP)||LPC 20:2|PC(20:2/0:0)||C28H54NO7P|547,3661|3,02
GLYCEROPHOSPHOLIPIDS (GP)||LPC 20:3|PC(20:3/0:0)||C28H52NO7P|545,3467|2,53
GLYCEROPHOSPHOLIPIDS (GP)||PC 40:7|PC(20:3/20:4)||C48H82NO8P|831,5707|7,42
GLYCEROPHOSPHOLIPIDS (GP)||LPC 20:4|PC(20:4/0:0)||C28H50NO7P|543,3303|2,18
GLYCEROPHOSPHOLIPIDS (GP)||PC 40:8|PC(20:4/20:4)||C48H80NO8P|829,5589|6,64
GLYCEROPHOSPHOLIPIDS (GP)||LPC 20:5|PC(20:5/0:0)||C28H48NO7P|541,3113|1,75
GLYCEROPHOSPHOLIPIDS (GP)||LPC 22:4|PC(22:4/0:0)||C30H54NO7P|571,3608|2,82
GLYCEROPHOSPHOLIPIDS (GP)||LPC 22:5|PC(22:5_0:0)||C30H52NO7P|569,3485|2,35
GLYCEROPHOSPHOLIPIDS (GP)||LPC 22:6|PC(22:6/0:0)||C30H50NO7P|567,3343|2,10
GLYCEROPHOSPHOLIPIDS (GP)||LPC O-16:0|PC(O-16:0/0:0)||C24H52NO6P|481,3568|3,05
GLYCEROPHOSPHOLIPIDS (GP)||PC O-32:0|PC(O-16:0/16:0)||C40H82NO7P|719,5813|10,87
GLYCEROPHOSPHOLIPIDS (GP)||PC O-36:4/PC P-36:3|PC(O-16:0_20:4)||C44H82NO7P|767,5832|9,05
GLYCEROPHOSPHOLIPIDS (GP)||LPC O-16:1|PC(O-16:1/0:0)||C24H50NO6P|479,3358|2,99
GLYCEROPHOSPHOLIPIDS (GP)||PC O-34:2/PC P-34:1|PC(O-16:1/18:1)/PC(P-16:0/18:1)||C42H82NO7P|743,5776|10,82
GLYCEROPHOSPHOLIPIDS (GP)||PC O-34:3/PC P-34:2|PC(O-16:1/18:2)/PC(P-16:0/18:2)||C42H80NO7P|741,5651|9,00
GLYCEROPHOSPHOLIPIDS (GP)||PC O-36:5/PC P-36:4|PC(O-16:1/20:4)/PC(P-16:0/20:4)||C44H80NO7P|765,5710|8,69
GLYCEROPHOSPHOLIPIDS (GP)||PC O-38:6/PC P-38:5|PC(O-16:1_22:5)/PC(P-16:0_22:5)||C46H82NO7P|791,5783|8,92
GLYCEROPHOSPHOLIPIDS (GP)||LPC O-18:0|PC(O-18:0/0:0)||C26H56NO6P|509,3845|3,89
GLYCEROPHOSPHOLIPIDS (GP)||PC O-38:4/PC P-38:3|PC(O-18:0/20:4)||C46H86NO7P|795,6116|11,40
GLYCEROPHOSPHOLIPIDS (GP)||PC O-36:2/PC P-36:1|PC(O-18:0_18:2)||C44H86NO7P|771,6123|11,59
GLYCEROPHOSPHOLIPIDS (GP)||PC O-38:3/PC P-38:2|PC(O-18:0_20:3)||C46H88NO7P|797,6275|11,82
GLYCEROPHOSPHOLIPIDS (GP)||LPC O-18:1|PC(O-18:1/0:0)||C26H54NO6P|507,3680|3,20
GLYCEROPHOSPHOLIPIDS (GP)||PC O-36:2/PC P-36:1|PC(O-18:1/18:1)/PC(P-18:0/18:1)||C44H86NO7P|771,6102|11,35
GLYCEROPHOSPHOLIPIDS (GP)||PC O-36:3/PC P-36:2|PC(O-18:1/18:2)/PC(P-18:0/18:2)||C44H84NO7P|769,6011|9,57
GLYCEROPHOSPHOLIPIDS (GP)||PC O-38:5/PC P-38:4|PC(O-18:1/20:4)/PC(P-18:0/20:4)||C46H84NO7P|793,6005|9,29
GLYCEROPHOSPHOLIPIDS (GP)||PC O-40:7/PC P-40:6|PC(O-18:1/22:6)/PC(P-18:0/22:6)||C48H84NO7P|817,5960|8,82
GLYCEROPHOSPHOLIPIDS (GP)||PC O-38:5/PC P-38:4|PC(O-18:1_20:4)/PC(P-18:0_20:4)||C46H84NO7P|793,5986|11,05
GLYCEROPHOSPHOLIPIDS (GP)||PC O-40:4/PC P-40:3|PC(O-20:0_20:4)||C48H90NO7P|823,6455|11,92
GLYCEROPHOSPHOLIPIDS (GP)||PC O-40:5/PC P-40:4|PC(O-20:1_20:4)/PC(P-20:0_20:4)||C48H88NO7P|821,6314|11,47
GLYCEROPHOSPHOLIPIDS (GP)||PC O-42:4/PC P-42:3|PC(O-22:0_20:4)||C50H94NO7P|851,6756|12,17
GLYCEROPHOSPHOLIPIDS (GP)||PC O-42:5/PC P-42:4|PC(O-22:1_20:4)/PC(O-22:0_20:4)||C50H92NO7P|849,6568|11,94
GLYCEROPHOSPHOLIPIDS (GP)||PC O-42:6/PC P-42:5|PC(O-22:2_20:4)/PC(O-22:1_20:4)||C50H90NO7P|847,6389|11,87
GLYCEROPHOSPHOLIPIDS (GP)||PC O-44:5/PC P-44:4|PC(O-24:1_20:4)/PC(P-24:0_20:4)||C52H96NO7P|877,6917|12,17
GLYCEROPHOSPHOLIPIDS (GP)||PC O-46:7/PC P-46:6|PC(O-24:1_22:6)/PC(P-24:0_22:6)||C54H96NO7P|901,6996|11,99
GLYCEROPHOSPHOLIPIDS (GP)||PC O-44:6/PC P-44:5|PC(O-24:2_20:4)/PC(P-24:1_20:4)||C52H94NO7P|875,6701|11,97
GLYCEROPHOSPHOLIPIDS (GP)||PC 28:0|PC28:0||C36H72NO8P|677,4971|6,02
GLYCEROPHOSPHOLIPIDS (GP)||PC 31:1|PC31:1||C39H76NO8P|717,5255|6,85
GLYCEROPHOSPHOLIPIDS (GP)||PC 33:3|PC33:3||C41H76NO8P|741,5410|8,62
GLYCEROPHOSPHOLIPIDS (GP)||PC 35:3|PC35:3||C43H80NO8P|769,5603|7,43
GLYCEROPHOSPHOLIPIDS (GP)||PC 37:3|PC37:3||C45H84NO8P|797,5967|9,72
GLYCEROPHOSPHOLIPIDS (GP)||PC 37:6|PC37:6||C45H78NO8P|791,5450|9,70
GLYCEROPHOSPHOLIPIDS (GP)||PC 39:2|PC39:2||C47H90NO8P|827,6442|9,62
GLYCEROPHOSPHOLIPIDS (GP)||PC 39:3|PC39:3||C47H88NO8P|825,6248|9,02
GLYCEROPHOSPHOLIPIDS (GP)||PC 39:4|PC39:4||C47H86NO8P|823,6116|11,24
GLYCEROPHOSPHOLIPIDS (GP)||PC 39:5|PC39:5||C47H84NO8P|821,5927|8,99
GLYCEROPHOSPHOLIPIDS (GP)||PC 39:6|PC39:6||C47H82NO8P|819,5918|8,07
GLYCEROPHOSPHOLIPIDS (GP)||PC 40:3|PC40:3||C48H90NO8P|839,6412|11,85
GLYCEROPHOSPHOLIPIDS (GP)||PC 40:5|PC40:5||C48H86NO8P|835,6048|11,09
GLYCEROPHOSPHOLIPIDS (GP)||PC 41:5|PC41:5||C49H88NO8P|849,6179|8,60
GLYCEROPHOSPHOLIPIDS (GP)||PC 42:10|PC42:10||C50H80NO8P|853,5671|6,40
GLYCEROPHOSPHOLIPIDS (GP)||PC 42:4|PC42:4||C50H92NO8P|865,6543|11,89
GLYCEROPHOSPHOLIPIDS (GP)||PC 42:5|PC42:5||C50H90NO8P|863,6267|11,62
GLYCEROPHOSPHOLIPIDS (GP)||PC 42:8|PC42:8||C50H84NO8P|857,5883|7,79
GLYCEROPHOSPHOLIPIDS (GP)||PC O-30:0|PCO-30:0||C38H78NO7P|691,5540|8,44
GLYCEROPHOSPHOLIPIDS (GP)||PC O-32:1/PC P-32:0|PCO-32:1/PCP-32:0||C40H80NO7P|717,5606|8,77
GLYCEROPHOSPHOLIPIDS (GP)||PC O-32:1/PC P-32:0|PCO-32:1/PCP-32:0||C40H80NO7P|717,5663|10,50
GLYCEROPHOSPHOLIPIDS (GP)||PC O-32:2/PC P-32:1|PCO-32:2/PCP-32:1||C40H78NO7P|715,5435|7,40
GLYCEROPHOSPHOLIPIDS (GP)||PC O-33:6/PC P-33:5|PCO-33:6/PCP-33:5||C41H72NO7P|721,5017|7,92
GLYCEROPHOSPHOLIPIDS (GP)||PC O-34:0|PCO-34:0||C42H86NO7P|747,6138|11,85
GLYCEROPHOSPHOLIPIDS (GP)||PC O-34:1/PC P-34:0|PCO-34:1/PCP-34:0||C42H84NO7P|745,5995|11,14
GLYCEROPHOSPHOLIPIDS (GP)||PC O-34:2/PC P-34:1|PCO-34:2/PCP-34:1||C42H82NO7P|743,5793|9,33
GLYCEROPHOSPHOLIPIDS (GP)||PC O-35:3/PC P-35:2|PCO-35:3/PCP-35:2||C43H82NO7P|755,5894|10,19
GLYCEROPHOSPHOLIPIDS (GP)||PC O-35:4/PC P-35:3|PCO-35:4/PCP-35:3||C43H80NO7P|753,5602|11,36
GLYCEROPHOSPHOLIPIDS (GP)||PC O-35:5/PC P-35:4|PCO-35:5/PCP-35:4||C43H78NO7P|751,5592|7,50
GLYCEROPHOSPHOLIPIDS (GP)||PC O-36:1/PC P-36:0|PCO-36:1/PCP-36:0||C44H88NO7P|773,6391|11,80
GLYCEROPHOSPHOLIPIDS (GP)||PC O-36:2/PC P-36:1|PCO-36:2/PCP-36:1||C44H86NO7P|771,6133|11,83
GLYCEROPHOSPHOLIPIDS (GP)||PC O-36:3/PC P-36:2|PCO-36:3/PCP-36:2||C44H84NO7P|769,6004|11,39
GLYCEROPHOSPHOLIPIDS (GP)||PC O-36:3/PC P-36:2|PCO-36:3/PCP-36:2||C44H84NO7P|769,6027|9,88
GLYCEROPHOSPHOLIPIDS (GP)||PC O-36:3/PC P-36:2|PCO-36:3/PCP-36:2||C44H84NO7P|769,6034|11,10
GLYCEROPHOSPHOLIPIDS (GP)||PC O-36:4/PC P-36:3|PCO-36:4/PCP-36:3||C44H82NO7P|767,5825|9,62
GLYCEROPHOSPHOLIPIDS (GP)||PC O-36:5/PC P-36:4|PCO-36:5/PCP-36:4||C44H80NO7P|765,5689|7,82
GLYCEROPHOSPHOLIPIDS (GP)||PC O-36:6/PC P-36:5|PCO-36:6/PCP-36:5||C44H78NO7P|763,5606|7,43
GLYCEROPHOSPHOLIPIDS (GP)||PC O-37:1/PC P-37:0|PCO-37:1/PCP-37:0||C45H90NO7P|787,6623|11,75
GLYCEROPHOSPHOLIPIDS (GP)||PC O-37:10/PC P-37:9|PCO-37:10/PCP-37:9||C45H72NO7P|769,5015|7,57
GLYCEROPHOSPHOLIPIDS (GP)||PC O-37:4/PC P-37:3|PCO-37:4/PCP-37:3||C45H84NO7P|781,5985|10,23
GLYCEROPHOSPHOLIPIDS (GP)||PC O-37:5/PC P-37:4|PCO-37:5/PCP-37:4||C45H82NO7P|779,5813|9,42
GLYCEROPHOSPHOLIPIDS (GP)||PC O-37:5/PC P-37:4|PCO-37:5/PCP-37:4||C45H82NO7P|779,5847|9,74
GLYCEROPHOSPHOLIPIDS (GP)||PC O-37:8/PC P-37:7|PCO-37:8/PCP-37:7||C45H76NO7P|773,5423|8,95
GLYCEROPHOSPHOLIPIDS (GP)||PC O-37:9/PC P-37:8|PCO-37:9/PCP-37:8||C45H74NO7P|771,5201|9,47
GLYCEROPHOSPHOLIPIDS (GP)||PC O-37:9/PC P-37:8|PCO-37:9/PCP-37:8||C45H74NO7P|771,5203|11,55
GLYCEROPHOSPHOLIPIDS (GP)||PC O-38:4/PC P-38:3|PCO-38:4/PCP-38:3||C46H86NO7P|795,6076|10,90
GLYCEROPHOSPHOLIPIDS (GP)||PC O-38:4/PC P-38:3|PCO-38:4/PCP-38:3||C46H86NO7P|795,6098|10,35
GLYCEROPHOSPHOLIPIDS (GP)||PC O-38:5/PC P-38:4|PCO-38:5/PCP-38:4||C46H84NO7P|793,5968|9,94
GLYCEROPHOSPHOLIPIDS (GP)||PC O-38:5/PC P-38:4|PCO-38:5/PCP-38:4||C46H84NO7P|793,5978|10,43
GLYCEROPHOSPHOLIPIDS (GP)||PC O-38:5/PC P-38:4|PCO-38:5/PCP-38:4||C46H84NO7P|793,6020|9,59
GLYCEROPHOSPHOLIPIDS (GP)||PC O-38:5/PC P-38:4|PCO-38:5/PCP-38:4||C46H84NO7P|793,6021|10,23
GLYCEROPHOSPHOLIPIDS (GP)||PC O-38:5/PC P-38:4|PCO-38:5/PCP-38:4||C46H84NO7P|793,6035|9,76
GLYCEROPHOSPHOLIPIDS (GP)||PC O-38:6/PC P-38:5|PCO-38:6/PCP-38:5||C46H82NO7P|791,5772|8,00
GLYCEROPHOSPHOLIPIDS (GP)||PC O-38:6/PC P-38:5|PCO-38:6/PCP-38:5||C46H82NO7P|791,5780|8,60
GLYCEROPHOSPHOLIPIDS (GP)||PC O-38:8/PC P-38:7|PCO-38:8/PCP-38:7||C46H78NO7P|787,5492|8,60
GLYCEROPHOSPHOLIPIDS (GP)||PC O-39:10/PC P-39:9|PCO-39:10/PCP-39:9||C47H76NO7P|797,5381|9,57
GLYCEROPHOSPHOLIPIDS (GP)||PC O-39:7/PC P-39:6|PCO-39:7/PCP-39:6||C47H82NO7P|803,5898|11,83
GLYCEROPHOSPHOLIPIDS (GP)||PC O-39:8/PC P-39:7|PCO-39:8/PCP-39:7||C47H80NO7P|801,5672|11,92
GLYCEROPHOSPHOLIPIDS (GP)||PC O-39:9/PC P-39:8|PCO-39:9/PCP-39:8||C47H78NO7P|799,5473|11,54
GLYCEROPHOSPHOLIPIDS (GP)||PC O-40:11/PC P-40:10|PCO-40:11/PCP-40:10||C48H76NO7P|809,5358|7,27
GLYCEROPHOSPHOLIPIDS (GP)||PC O-40:5/PC P-40:4|PCO-40:5/PCP-40:4||C48H88NO7P|821,6287|11,58
GLYCEROPHOSPHOLIPIDS (GP)||PC O-40:6/PC P-40:5|PCO-40:6/PCP-40:5||C48H86NO7P|819,6023|10,18
GLYCEROPHOSPHOLIPIDS (GP)||PC O-40:6/PC P-40:5|PCO-40:6/PCP-40:5||C48H86NO7P|819,6033|9,33
GLYCEROPHOSPHOLIPIDS (GP)||PC O-40:6/PC P-40:5|PCO-40:6/PCP-40:5||C48H86NO7P|819,6044|11,09
GLYCEROPHOSPHOLIPIDS (GP)||PC O-40:6/PC P-40:5|PCO-40:6/PCP-40:5||C48H86NO7P|819,6094|10,82
GLYCEROPHOSPHOLIPIDS (GP)||PC O-40:7/PC P-40:6|PCO-40:7/PCP-40:6||C48H84NO7P|817,5963|10,60
GLYCEROPHOSPHOLIPIDS (GP)||PC O-40:8/PC P-40:7|PCO-40:8/PCP-40:7||C48H82NO7P|815,5777|9,44
GLYCEROPHOSPHOLIPIDS (GP)||PC O-41:10/PC P-41:9|PCO-41:10/PCP-41:9||C49H80NO7P|825,5713|11,51
GLYCEROPHOSPHOLIPIDS (GP)||PC O-41:11/PC P-41:10|PCO-41:11/PCP-41:10||C49H78NO7P|823,5489|10,25
GLYCEROPHOSPHOLIPIDS (GP)||PC O-42:7/PC P-42:6|PCO-42:7/PCP-42:6||C50H88NO7P|845,6323|11,92
GLYCEROPHOSPHOLIPIDS (GP)||PC O-42:8/PC P-42:7|PCO-42:8/PCP-42:7||C50H86NO7P|843,6142|11,46
GLYCEROPHOSPHOLIPIDS (GP)||PC O-43:2/PC P-43:1|PCO-43:2/PCP-43:1||C51H100NO7P|869,7137|12,25
GLYCEROPHOSPHOLIPIDS (GP)||PC O-44:4/PC P-44:3|PCO-44:4/PCP-44:3||C52H98NO7P|879,7063|12,27
GLYCEROPHOSPHOLIPIDS (GP)||PC O-44:6/PC P-44:5|PCO-44:6/PCP-44:5||C52H94NO7P|875,6752|11,93
GLYCEROPHOSPHOLIPIDS (GP)||PC O-46:5/PC P-46:4|PCO-46:5/PCP-46:4||C54H100NO7P|905,7237|12,34
GLYCEROPHOSPHOLIPIDS (GP)||PC O-46:6/PC P-46:5|PCO-46:6/PCP-46:5||C54H98NO7P|903,7081|12,18
GLYCEROPHOSPHOLIPIDS (GP)||PC O-46:8/PC P-46:7|PCO-46:8/PCP-46:7||C54H94NO7P|899,6822|11,90
GLYCEROPHOSPHOLIPIDS (GP)||PC O-47:12/PC P-47:11|PCO-47:12/PCP-47:11||C55H88NO7P|905,6239|11,87
GLYCEROPHOSPHOLIPIDS (GP)||LPE 16:0|PE(0:0/16:0)||C21H44NO7P|453,2853|2,55
GLYCEROPHOSPHOLIPIDS (GP)||LPE 18:0|PE(0:0/18:0)||C23H48NO7P|481,3138|3,38
GLYCEROPHOSPHOLIPIDS (GP)||LPE 18:1|PE(0:0/18:1)||C23H46NO7P|479,2972|2,69
GLYCEROPHOSPHOLIPIDS (GP)||LPE 18:2|PE(0:0/18:2)||C23H44NO7P|477,2828|2,13
GLYCEROPHOSPHOLIPIDS (GP)||LPE 20:4|PE(0:0/20:4)||C25H44NO7P|501,2844|2,05
GLYCEROPHOSPHOLIPIDS (GP)||LPE 22:6|PE(0:0/22:6)||C27H44NO7P|525,2864|2,03
GLYCEROPHOSPHOLIPIDS (GP)||LPE 16:0|PE(16:0/0:0)||C21H44NO7P|453,2857|2,73
GLYCEROPHOSPHOLIPIDS (GP)||PE 34:1|PE(16:0/18:1)||C39H76NO8P|717,5269|10,00
GLYCEROPHOSPHOLIPIDS (GP)||PE 34:2|PE(16:0/18:2)||C39H74NO8P|715,5217|8,42
GLYCEROPHOSPHOLIPIDS (GP)||PE 36:4|PE(16:0/20:4)||C41H74NO8P|739,5142|8,04
GLYCEROPHOSPHOLIPIDS (GP)||PE 36:5|PE(16:0/20:5)||C41H72NO8P|737,4975|7,13
GLYCEROPHOSPHOLIPIDS (GP)||PE 38:5|PE(16:0/22:5)||C43H76NO8P|765,5225|8,60
GLYCEROPHOSPHOLIPIDS (GP)||PE 38:6|PE(16:0/22:6)||C43H74NO8P|763,5200|7,82
GLYCEROPHOSPHOLIPIDS (GP)||LPE 18:0|PE(18:0/0:0)||C23H48NO7P|481,3178|3,58
GLYCEROPHOSPHOLIPIDS (GP)||PE 36:1|PE(18:0/18:1)||C41H80NO8P|745,5577|11,70
GLYCEROPHOSPHOLIPIDS (GP)||PE 36:2|PE(18:0/18:2)||C41H78NO8P|743,5594|10,78
GLYCEROPHOSPHOLIPIDS (GP)||PE 38:3|PE(18:0/20:3)||C43H80NO8P|769,5644|11,25
GLYCEROPHOSPHOLIPIDS (GP)||PE 38:4|PE(18:0/20:4)||C43H78NO8P|767,5405|10,24
GLYCEROPHOSPHOLIPIDS (GP)||PE 40:4|PE(18:0/22:4)||C45H82NO8P|795,5778|11,68
GLYCEROPHOSPHOLIPIDS (GP)||PE 40:5|PE(18:0/22:5)||C45H80NO8P|793,5739|10,74
GLYCEROPHOSPHOLIPIDS (GP)||PE 40:6|PE(18:0/22:6)||C45H78NO8P|791,5450|9,70
GLYCEROPHOSPHOLIPIDS (GP)||LPE 18:1|PE(18:1/0:0)||C23H46NO7P|479,3009|2,87
GLYCEROPHOSPHOLIPIDS (GP)||PE 36:3|PE(18:1/18:2)||C41H76NO8P|741,5336|8,62
GLYCEROPHOSPHOLIPIDS (GP)||PE 38:5|PE(18:1/20:4)||C43H76NO8P|765,5326|8,29
GLYCEROPHOSPHOLIPIDS (GP)||LPE 18:2|PE(18:2/0:0)||C23H44NO7P|477,2826|2,33
GLYCEROPHOSPHOLIPIDS (GP)||LPE 20:3|PE(20:3/0:0)||C25H46NO7P|503,3040|2,62
GLYCEROPHOSPHOLIPIDS (GP)||LPE 20:4|PE(20:4/0:0)||C25H44NO7P|501,2839|2,23
GLYCEROPHOSPHOLIPIDS (GP)||LPE 22:5|PE(22:5/0:0)||C27H46NO7P|527,3012|2,48
GLYCEROPHOSPHOLIPIDS (GP)||LPE 22:6|PE(22:6/0:0)||C27H44NO7P|525,2841|2,18
GLYCEROPHOSPHOLIPIDS (GP)||LPE O-16:1|PE(O-16:1/0:0)||C21H44NO6P|437,2898|3,12
GLYCEROPHOSPHOLIPIDS (GP)||PE O-36:5/PE P-36:4|PE(O-16:1/20:4)/PE(P-16:0/20:4)||C41H74NO7P|723,5216|9,20
GLYCEROPHOSPHOLIPIDS (GP)||PE O-36:6/PE P-36:5|PE(O-16:1/20:5)/PE(P-16:0/20:5) ||C41H72NO7P|721,5046|7,88
GLYCEROPHOSPHOLIPIDS (GP)||PE O-38:7/PE P-38:6|PE(O-16:1/22:6)/PE(P-16:0/22:6)||C43H74NO7P|747,5271|8,70
GLYCEROPHOSPHOLIPIDS (GP)||PE O-34:2/PE P-34:1|PE(O-16:1_18:1)/PE(P-16:0_18:1)||C39H76NO7P|701,5359|11,26
GLYCEROPHOSPHOLIPIDS (GP)||PE O-34:3/PE P-34:2|PE(O-16:1_18:2)/PE(P-16:0_18:2)||C39H74NO7P|699,5178|9,51
GLYCEROPHOSPHOLIPIDS (GP)||PE O-38:6/PE P-38:5|PE(O-16:1_22:5)/PE(P-16:0_22:5)||C43H76NO7P|749,5356|9,44
GLYCEROPHOSPHOLIPIDS (GP)||PE O-38:4/PE P-38:3|PE(O-18:0_20:4)||C43H80NO7P|753,5697|11,52
GLYCEROPHOSPHOLIPIDS (GP)||LPE O-18:1|PE(O-18:1/0:0)||C23H48NO6P|465,3232|3,94
GLYCEROPHOSPHOLIPIDS (GP)||PE O-36:2/PE P-36:1|PE(O-18:1/18:1)/PE(P-18:0/18:1)||C41H80NO7P|729,5733|11,90
GLYCEROPHOSPHOLIPIDS (GP)||PE O-36:3/PE P-36:2|PE(O-18:1/18:2)/PE(P-18:0/18:2)||C41H78NO7P|727,5550|11,57
GLYCEROPHOSPHOLIPIDS (GP)||PE O-38:5/PE P-38:4|PE(O-18:1/20:4)/PE(P-18:0/20:4)||C43H78NO7P|751,5563|11,45
GLYCEROPHOSPHOLIPIDS (GP)||PE O-40:6/PE P-40:5|PE(O-18:1/22:5)/PE(P-18:0/22:5)||C45H80NO7P|777,5720|11,53
GLYCEROPHOSPHOLIPIDS (GP)||PE O-40:7/PE P-40:6|PE(O-18:1/22:6)/PE(P-18:0/22:6)||C45H78NO7P|775,5606|11,17
GLYCEROPHOSPHOLIPIDS (GP)||PE O-38:4/PE P-38:3|PE(O-18:1_20:3)/PE(P-18:0_20:3)||C43H80NO7P|753,5686|11,72
GLYCEROPHOSPHOLIPIDS (GP)||PE O-40:5/PE P-40:4|PE(O-18:1_22:4)/PE(P-18:0_22:4)||C45H84NO7P|781,5989|11,90
GLYCEROPHOSPHOLIPIDS (GP)||LPE O-18:2|PE(O-18:2/0:0)||C23H46NO6P|463,3081|3,24
GLYCEROPHOSPHOLIPIDS (GP)||PE O-36:4/PE P-36:3|PE(O-18:2/18:2)/PE(P-18:1/18:2)||C41H76NO7P|725,5418|9,80
GLYCEROPHOSPHOLIPIDS (GP)||PE O-38:6/PE P-38:5|PE(O-18:2/20:4)/PE(P-18:1/20:4)||C43H76NO7P|749,5356|9,44
GLYCEROPHOSPHOLIPIDS (GP)||PE O-40:8/PE P-40:7|PE(O-18:2/22:6)/PE(P-18:1/22:6)||C45H76NO7P|773,5424|8,95
GLYCEROPHOSPHOLIPIDS (GP)||PE O-40:5/PE P-40:4|PE(O-20:1/20:4)/PE(P-20:0/20:4)||C45H82NO7P|779,5807|11,92
GLYCEROPHOSPHOLIPIDS (GP)||PE O-38:3/PE P-38:2|PE(O-20:1_18:2)/PE(P-20:0_18:2)||C43H82NO7P|755,5883|11,94
GLYCEROPHOSPHOLIPIDS (GP)||PE O-40:8/PE P-40:7|PE(O-20:1_22:5)/PE(P-20:0_22:5)||C45H76NO7P|773,5396|11,45
GLYCEROPHOSPHOLIPIDS (GP)||PE 40:9|PE40:9||C45H72NO8P|785,5018|7,82
GLYCEROPHOSPHOLIPIDS (GP)||PE 42:9|PE42:9||C47H76NO8P|813,5340|9,92
GLYCEROPHOSPHOLIPIDS (GP)||PE O-38:5/PE P-38:4|PEO-38:5/PEP-38:4||C43H78NO7P|751,5482|9,59
GLYCEROPHOSPHOLIPIDS (GP)||PE O-38:6/PE P-38:5|PEO-38:6/PEP-38:5||C43H76NO7P|749,5359|11,57
GLYCEROPHOSPHOLIPIDS (GP)||PE O-38:8/PE P-38:7|PEO-38:8/PEP-38:7||C43H72NO7P|745,5034|9,20
GLYCEROPHOSPHOLIPIDS (GP)||PE O-38:9/PE P-38:8|PEO-38:9/PEP-38:8||C43H70NO7P|743,4865|7,94
GLYCEROPHOSPHOLIPIDS (GP)||PE O-40:9/PE P-40:8|PEO-40:9/PEP-40:8||C45H74NO7P|771,5229|9,47
GLYCEROPHOSPHOLIPIDS (GP)||PE O-41:6/PE P-41:5|PEO-41:6/PEP-41:5||C46H82NO7P|791,5783|9,59
GLYCEROPHOSPHOLIPIDS (GP)||PE O-42:6/PE P-42:5|PEO-42:6/PEP-42:5||C47H84NO7P|805,5944|11,90
GLYCEROPHOSPHOLIPIDS (GP)||PE O-42:7/PE P-42:6|PEO-42:7/PEP-42:6||C47H82NO7P|803,5884|11,83
GLYCEROPHOSPHOLIPIDS (GP)||LPI 18:0|PI(0:0/18:0)||C27H53O12P|600,3259|2,58
GLYCEROPHOSPHOLIPIDS (GP)||PI 32:1|PI(16:0/16:1)||C41H77O13P|808,5110|5,89
GLYCEROPHOSPHOLIPIDS (GP)||PI 34:1|PI(16:0/18:1)||C43H81O13P|836,5422|7,03
GLYCEROPHOSPHOLIPIDS (GP)||PI 34:2|PI(16:0/18:2)||C43H79O13P|834,5268|6,16
GLYCEROPHOSPHOLIPIDS (GP)||PI 36:3|PI(16:0/20:3)||C45H81O13P|860,5474|6,75
GLYCEROPHOSPHOLIPIDS (GP)||PI 36:4|PI(16:0/20:4)||C45H79O13P|858,5278|6,04
GLYCEROPHOSPHOLIPIDS (GP)||PI 38:5|PI(16:0/22:5)||C47H81O13P|884,5443|6,17
GLYCEROPHOSPHOLIPIDS (GP)||PI 38:6|PI(16:0/22:6)||C47H79O13P|882,5276|5,86
GLYCEROPHOSPHOLIPIDS (GP)||LPI 16:0|PI(16:0_0:0)||C25H49O12P|572,2962|2,06
GLYCEROPHOSPHOLIPIDS (GP)||LPI 18:0|PI(18:0/0:0)||C27H53O12P|600,3256|2,87
GLYCEROPHOSPHOLIPIDS (GP)||PI 36:1|PI(18:0/18:1)||C45H85O13P|864,5757|8,66
GLYCEROPHOSPHOLIPIDS (GP)||PI 36:2|PI(18:0/18:2)||C45H83O13P|862,5607|7,44
GLYCEROPHOSPHOLIPIDS (GP)||PI 38:3|PI(18:0/20:3)||C47H85O13P|888,5739|7,90
GLYCEROPHOSPHOLIPIDS (GP)||PI 38:4|PI(18:0/20:4)||C47H83O13P|886,5610|7,29
GLYCEROPHOSPHOLIPIDS (GP)||PI 40:5|PI(18:0/22:5)||C49H85O13P|912,5705|7,42
GLYCEROPHOSPHOLIPIDS (GP)||PI 40:6|PI(18:0/22:6)||C49H83O13P|910,5566|7,02
GLYCEROPHOSPHOLIPIDS (GP)||PI 36:2|PI(18:1/18:1)||C45H83O13P|862,5552|7,65
GLYCEROPHOSPHOLIPIDS (GP)||PI 36:3|PI(18:1/18:2)||C45H81O13P|860,5394|6,47
GLYCEROPHOSPHOLIPIDS (GP)||PI 38:5|PI(18:1/20:4)||C47H81O13P|884,5451|6,33
GLYCEROPHOSPHOLIPIDS (GP)||LPI 18:1|PI(18:1_0:0)||C27H51O12P|598,3175|2,61
GLYCEROPHOSPHOLIPIDS (GP)||LPI 18:2|PI(18:2_0:0)||C27H49O12P|596,2977|1,72
GLYCEROPHOSPHOLIPIDS (GP)||LPI 20:3|PI(20:3_0:0)||C29H51O12P|622,3091|2,24
GLYCEROLIPIDS (GL)||LPI 20:4|PI(20:4_0:0)||C29H49O12P|620,2975|1,70
GLYCEROPHOSPHOLIPIDS (GP)||PI 32:0|PI32:0||C41H79O13P|810,5516|6,88
GLYCEROPHOSPHOLIPIDS (GP)||PS 39:3|PS(18:1_21:2)||C45H82NO10P|827,5681|11,64
GLYCEROPHOSPHOLIPIDS (GP)||PS 39:4|PS(18:2_21:2)||C45H80NO10P|825,5538|10,53
GLYCEROPHOSPHOLIPIDS (GP)||PS 40:4|PS(20:0_20:4)||C46H82NO10P|839,5660|6,76
GLYCEROPHOSPHOLIPIDS (GP)||PS 41:6|PS(21:2_20:4)||C47H80NO10P|849,5659|10,19
GLYCEROPHOSPHOLIPIDS (GP)||PS 40:2|PS(22:0_18:2)||C46H86NO10P|843,6028|8,12
GLYCEROPHOSPHOLIPIDS (GP)||PS 42:2|PS(24:0_18:2)||C48H90NO10P|871,6276|10,13
GLYCEROPHOSPHOLIPIDS (GP)||PS 36:1|PS36:1||C42H80NO10P|789,5520|6,42
GLYCEROPHOSPHOLIPIDS (GP)||PS 38:1|PS38:1||C44H84NO10P|817,5833|7,87
GLYCEROPHOSPHOLIPIDS (GP)||PS 38:3|PS38:3||C44H80NO10P|813,5520|6,29
GLYCEROPHOSPHOLIPIDS (GP)||PS 40:3|PS40:3||C46H84NO10P|841,5833|7,67
GLYCEROPHOSPHOLIPIDS (GP)||PS 40:5|PS40:5||C46H80NO10P|837,5520|6,06
GLYCEROPHOSPHOLIPIDS (GP)||PS 40:6|PS40:6||C46H78NO10P|835,5363|6,17
SPHINGOLIPIDS (SP)||SM 42:4|SM(d16:0/26:4)||C47H89N2O6P|808,6493|10,30
SPHINGOLIPIDS (SP)||SM 38:1|SM(d16:1/22:0)/SM(d18:1/20:0)||C43H87N2O6P|758,6281|11,50
SPHINGOLIPIDS (SP)||SM 39:1|SM(d16:1/23:0)/SM(d18:1/21:0)||C44H89N2O6P|772,6441|11,80
SPHINGOLIPIDS (SP)||SM 31:0|SM(d18:0/13:0)||C36H75N2O6P|662,5401|15,85
SPHINGOLIPIDS (SP)||SM 32:0|SM(d18:0/14:0)||C37H77N2O6P|676,5533|6,44
SPHINGOLIPIDS (SP)||SM 34:0|SM(d18:0/16:0)||C39H81N2O6P|704,5842|8,03
SPHINGOLIPIDS (SP)||SM 36:0|SM(d18:0/18:0)||C41H85N2O6P|732,6165|10,17
SPHINGOLIPIDS (SP)||SM 38:0|SM(d18:0/20:0)||C43H89N2O6P|760,6392|11,75
SPHINGOLIPIDS (SP)||SM 40:0|SM(d18:0/22:0)||C45H93N2O6P|788,6684|11,97
SPHINGOLIPIDS (SP)||SM 42:1|SM(d18:0/24:1)||C47H95N2O6P|814,6885|12,09
SPHINGOLIPIDS (SP)||SM 30:1|SM(d18:1/12:0)||C35H71N2O6P|646,5019|5,04
SPHINGOLIPIDS (SP)||SM 32:1|SM(d18:1/14:0)||C37H75N2O6P|674,5365|5,97
SPHINGOLIPIDS (SP)||SM 33:1|SM(d18:1/15:0)||C38H77N2O6P|688,5518|6,57
SPHINGOLIPIDS (SP)||SM 34:1|SM(d18:1/16:0)||C39H79N2O6P|702,5684|7,35
SPHINGOLIPIDS (SP)||SM 35:1|SM(d18:1/17:0)||C40H81N2O6P|716,5829|8,15
SPHINGOLIPIDS (SP)||SM 36:1|SM(d18:1/18:0)||C41H83N2O6P|730,5941|9,20
SPHINGOLIPIDS (SP)||SM 36:2|SM(d18:1/18:1)||C41H81N2O6P|728,5820|7,67
SPHINGOLIPIDS (SP)||SM 37:1|SM(d18:1/19:0)||C42H85N2O6P|744,6166|10,50
SPHINGOLIPIDS (SP)||SM 39:1|SM(d18:1/22:0)||C45H91N2O6P|786,6610|11,97
SPHINGOLIPIDS (SP)||SM 39:2|SM(d18:1/22:1)||C45H89N2O6P|784,6476|11,50
SPHINGOLIPIDS (SP)||SM 41:1|SM(d18:1/23:0)||C46H93N2O6P|800,6781|12,10
SPHINGOLIPIDS (SP)||SM 42:1|SM(d18:1/24:0)||C47H95N2O6P|814,6921|12,24
SPHINGOLIPIDS (SP)||SM 42:2|SM(d18:1/24:1)||C47H93N2O6P|812,6782|11,97
SPHINGOLIPIDS (SP)||SM 42:3|SM(d18:1/24:2)/SM(d18:2/24:1)||C47H91N2O6P|810,6669|11,64
SPHINGOLIPIDS (SP)||SM 43:1|SM(d18:1/25:0)||C48H97N2O6P|828,7012|12,34
SPHINGOLIPIDS (SP)||SM 44:1|SM(d18:1/26:0)||C49H99N2O6P|842,7202|12,54
SPHINGOLIPIDS (SP)||SM 44:2|SM(d18:1/26:1)||C49H97N2O6P|840,7077|12,24
SPHINGOLIPIDS (SP)||SM 32:2|SM(d18:2/14:0)||C37H73N2O6P|672,5197|5,15
SPHINGOLIPIDS (SP)||SM 32:3|SM(d18:2/15:0)||C38H75N2O6P|686,5359|5,59
SPHINGOLIPIDS (SP)||SM 34:2|SM(d18:2/16:0)||C39H77N2O6P|700,5486|6,18
SPHINGOLIPIDS (SP)||SM 36:2|SM(d18:2/18:0)||C41H81N2O6P|728,5829|7,62
SPHINGOLIPIDS (SP)||SM 36:3|SM(d18:2/18:1)||C41H79N2O6P|726,5720|6,55
SPHINGOLIPIDS (SP)||SM 38:2|SM(d18:2/20:0)||C43H85N2O6P|756,6114|9,67
SPHINGOLIPIDS (SP)||SM 38:3|SM(d18:2/20:1)||C43H83N2O6P|754,5961|8,06
SPHINGOLIPIDS (SP)||SM 40:2|SM(d18:2/22:0)||C45H89N2O6P|784,6472|11,64
SPHINGOLIPIDS (SP)||SM 40:3|SM(d18:2/22:1)||C45H87N2O6P|782,6322|9,85
SPHINGOLIPIDS (SP)||SM 41:2|SM(d18:2/23:0)/SM(d19:1/22:1)||C46H91N2O6P|798,6611|11,77
SPHINGOLIPIDS (SP)||SM 42:4|SM(d18:2/24:2)||C47H89N2O6P|808,6524|10,57
SPHINGOLIPIDS (SP)||SM 43:2|SM(d18:2/25:0)||C48H95N2O6P|826,6875|12,05
SPHINGOLIPIDS (SP)||SM 35:1|SM(d19:1/16:0)||C40H81N2O6P|716,5831|7,80
SPHINGOLIPIDS (SP)||SM 37:1|SM(d19:1/18:0)||C42H85N2O6P|744,6161|9,95
SPHINGOLIPIDS (SP)||SM 41:2|SM(d19:1/22:1)/SM(d18:2/23:0)||C46H91N2O6P|798,6610|11,87
SPHINGOLIPIDS (SP)||SM 39:0|SM(d20:0/19:0)||C44H91N2O6P|774,6480|11,93
SPHINGOLIPIDS (SP)||SM 40:3|SM40:3||C45H87N2O6P|782,6323|10,22
SPHINGOLIPIDS (SP)||SM 41:3|SM41:3||C46H89N2O6P|796,6458|11,97
GLYCEROLIPIDS (GL)||TG 46:3|TG(10:0_18:1_18:2)||C49H88O6|772,6423|13,00
GLYCEROLIPIDS (GL)||TG 26:0|TG(10:0_8:0_8:0)||C29H54O6|498,3915|6,28
GLYCEROLIPIDS (GL)||TG 48:5|TG(12:0_18:1_18:4)||C51H88O6|796,6515|12,79
GLYCEROLIPIDS (GL)||TG 48:4|TG(12:0_18:2_18:2)||C51H90O6|798,6889|13,04
GLYCEROLIPIDS (GL)||TG 47:1|TG(14:0_15:0_18:1)||C50H94O6|790,6956|13,95
GLYCEROLIPIDS (GL)||TG 50:6|TG(14:2_18:2_18:2)||C53H90O6|822,6583|12,97
GLYCEROLIPIDS (GL)||TG 49:0|TG(15:0_16:0_18:0)||C52H100O6|820,7341|15,12
GLYCEROLIPIDS (GL)||TG 51:5|TG(15:0_18:1_18:4)||C54H94O6|838,7022|13,20
GLYCEROLIPIDS (GL)||TG 51:1|TG(16:0_17:0_18:1)||C54H102O6|846,7538|14,92
GLYCEROLIPIDS (GL)||TG 54:1;OH|TG(16:0_17:1_20:1;OH)||C56H104O7|888,7943|14,94
GLYCEROLIPIDS (GL)||TG 53:2|TG(16:0_18:1_19:1)||C56H104O6|872,7688|15,07
GLYCEROLIPIDS (GL)||TG 56:5;OH|TG(16:0_18:1_22:4;OH)||C59H104O7|924,7964|14,29
GLYCEROLIPIDS (GL)||TG 56:7|TG(16:0_18:1_22:6)||C59H100O6|904,7506|13,80
GLYCEROLIPIDS (GL)||TG 54:7;OH|TG(16:0_18:2_20:5;OH)||C57H96O7|892,7302|13,33
GLYCEROLIPIDS (GL)||TG 55:6|TG(16:0_18:2_21:4)||C58H100O6|892,7575|13,77
GLYCEROLIPIDS (GL)||TG 56:8;OH|TG(16:0_18:2_22:6;OH)||C59H98O7|918,7444|13,44
GLYCEROLIPIDS (GL)||TG 55:5|TG(16:0_19:1_20:4)||C58H102O6|894,7633|14,29
GLYCEROLIPIDS (GL)||TG 51:1|TG(17:0_17:0_17:1)||C54H102O6|846,7480|15,09
GLYCEROLIPIDS (GL)||TG 54:8|TG(17:0_18:0_18:1)||C56H106O6|874,7802|15,85
GLYCEROLIPIDS (GL)||TG 53:2|TG(17:0_18:1_18:1)||C56H104O6|872,7717|14,79
GLYCEROLIPIDS (GL)||TG 53:4|TG(17:1_18:1_18:2)||C56H100O6|868,7487|13,90
GLYCEROLIPIDS (GL)||TG 56:4;OH|TG(18:0_18:0_20:4;OH)||C59H106O7|926,7825|15,20
GLYCEROLIPIDS (GL)||TG 56:4;OH|TG(18:0_18:1_20:3;OH)||C59H106O7|926,8068|14,82
GLYCEROLIPIDS (GL)||TG 58:7|TG(18:0_18:1_22:6)||C61H104O6|932,7737|14,42
GLYCEROLIPIDS (GL)||TG 55:3|TG(18:1_18:1_19:1)||C58H106O6|898,7925|15,09
GLYCEROLIPIDS (GL)||TG 56:2|TG(18:1_18:1_20:0)||C59H110O6|914,8161|16,22
GLYCEROLIPIDS (GL)||TG 58:4|TG(18:1_18:1_22:2)||C61H110O6|938,8133|15,44
GLYCEROLIPIDS (GL)||TG 58:3|TG(18:1_18:2_22:0)||C61H112O6|940,8231|16,34
GLYCEROLIPIDS (GL)||TG 58:7;OH|TG(18:1_18:2_22:4;OH)||C61H104O7|948,7957|14,02
GLYCEROLIPIDS (GL)||TG 44:3|TG(18:1_18:2_8:0)||C47H84O6|744,6319|12,72
GLYCEROLIPIDS (GL)||TG 58:9|TG(18:1_18:3_18:1)||C61H100O6|928,7504|13,87
GLYCEROLIPIDS (GL)||TG 58:8;OH|TG(18:1_20:3_20:4;OH)||C61H102O7|946,7796|13,80
GLYCEROLIPIDS (GL)||TG 58:2|TG(18:1_22:0_18:1)||C61H114O6|942,8608|17,37
GLYCEROLIPIDS (GL)||TG 54:7|TG(18:2_18:2_18:3)||C57H96O6|876,7376|13,06
GLYCEROLIPIDS (GL)||TG 56:9|TG(18:2_18:2_20:5)||C59H96O6|900,7302|13,12
GLYCEROLIPIDS (GL)||TG 58:5|TG(18:2_20:3_20:0)||C61H108O6|936,8041|14,52
GLYCEROLIPIDS (GL)||TG 58:11|TG(18:3_20:3_20:5)||C61H96O6|924,7071|12,92
GLYCEROLIPIDS (GL)||TG 58:7|TG(22:5_18:1_18:1)||C61H104O6|932,7808|13,95
GLYCEROLIPIDS (GL)||TG 24:0|TG(8:0_8:0_8:0)||C27H50O6|470,3613|5,27
GLYCEROLIPIDS (GL)||TG 36:0|TG36:0||C39H74O6|638,5455|12,42
GLYCEROLIPIDS (GL)||TG 38:0|TG38:0||C41H78O6|666,5784|12,62
GLYCEROLIPIDS (GL)||TG 38:1|TG38:1||C41H76O6|664,5497|12,44
GLYCEROLIPIDS (GL)||TG 40:0|TG40:0||C43H82O6|694,6059|12,94
GLYCEROLIPIDS (GL)||TG 40:1|TG40:1||C43H80O6|692,5947|12,67
GLYCEROLIPIDS (GL)||TG 40:2|TG40:2||C43H78O6|690,5820|12,44
GLYCEROLIPIDS (GL)||TG 42:0|TG42:0||C45H86O6|722,6357|13,30
GLYCEROLIPIDS (GL)||TG 42:1|TG42:1||C45H84O6|720,6162|12,95
GLYCEROLIPIDS (GL)||TG 42:2|TG42:2||C45H82O6|718,6140|12,69
GLYCEROLIPIDS (GL)||TG 44:0|TG44:0||C47H90O6|750,6612|13,72
GLYCEROLIPIDS (GL)||TG 44:1|TG44:1||C47H88O6|748,6476|13,30
GLYCEROLIPIDS (GL)||TG 44:2|TG44:2||C47H86O6|746,6346|13,00
GLYCEROLIPIDS (GL)||TG 45:1|TG45:1||C48H90O6|762,6903|13,50
GLYCEROLIPIDS (GL)||TG 46:0|TG46:0||C49H94O6|778,7044|14,20
GLYCEROLIPIDS (GL)||TG 46:1|TG46:1||C49H92O6|776,6756|13,72
GLYCEROLIPIDS (GL)||TG 46:2|TG46:2||C49H90O6|774,6738|13,34
GLYCEROLIPIDS (GL)||TG 46:4|TG46:4||C49H86O6|770,6395|12,74
GLYCEROLIPIDS (GL)||TG 47:0|TG47:0||C50H96O6|792,7377|14,49
GLYCEROLIPIDS (GL)||TG 47:0; OH|TG47:0;OH||C50H96O7|808,7291|14,49
GLYCEROLIPIDS (GL)||TG 47:2|TG47:2||C50H92O6|788,6787|13,54
GLYCEROLIPIDS (GL)||TG 48:0|TG48:0||C51H98O6|806,7364|14,79
GLYCEROLIPIDS (GL)||TG 48:1|TG48:1||C51H96O6|804,7207|14,20
GLYCEROLIPIDS (GL)||TG 48:2|TG48:2||C51H94O6|802,7056|13,75
GLYCEROLIPIDS (GL)||TG 48:3|TG48:3||C51H92O6|800,6895|13,35
GLYCEROLIPIDS (GL)||TG 49:0|TG49:0||C52H100O6|820,7369|14,97
GLYCEROLIPIDS (GL)||TG 49:1|TG49:1||C52H98O6|818,7356|14,45
GLYCEROLIPIDS (GL)||TG 49:2|TG49:2||C52H96O6|816,7200|13,94
GLYCEROLIPIDS (GL)||TG 49:3|TG49:3||C52H94O6|814,6961|13,54
GLYCEROLIPIDS (GL)||TG 50:0|TG50:0||C53H102O6|834,7550|15,48
GLYCEROLIPIDS (GL)||TG 50:1|TG50:1||C53H100O6|832,7498|14,77
GLYCEROLIPIDS (GL)||TG 50:2|TG50:2||C53H98O6|830,7370|14,20
GLYCEROLIPIDS (GL)||TG 50:3|TG50:3||C53H96O6|828,7220|13,75
GLYCEROLIPIDS (GL)||TG 50:4|TG50:4||C53H94O6|826,6868|13,37
GLYCEROLIPIDS (GL)||TG 51:0|TG51:0||C54H104O6|848,7615|15,87
GLYCEROLIPIDS (GL)||TG 51:2|TG51:2||C54H100O6|844,7442|14,45
GLYCEROLIPIDS (GL)||TG 51:3|TG51:3||C54H98O6|842,7356|13,97
GLYCEROLIPIDS (GL)||TG 51:4|TG51:4||C54H96O6|840,7156|13,57
GLYCEROLIPIDS (GL)||TG 52:0|TG52:0||C55H106O6|862,7882|16,32
GLYCEROLIPIDS (GL)||TG 52:1|TG52:1||C55H104O6|860,7726|15,45
GLYCEROLIPIDS (GL)||TG 52:2|TG52:2||C55H102O6|858,7682|14,75
GLYCEROLIPIDS (GL)||TG 52:3|TG52:3||C55H100O6|856,7460|14,23
GLYCEROLIPIDS (GL)||TG 52:4|TG52:4||C55H98O6|854,7286|14,04
GLYCEROLIPIDS (GL)||TG 52:4|TG52:4||C55H98O6|854,7294|13,79
GLYCEROLIPIDS (GL)||TG 52:5|TG52:5||C55H96O6|852,7167|13,45
GLYCEROLIPIDS (GL)||TG 52:6|TG52:6||C55H94O6|850,6923|13,22
GLYCEROLIPIDS (GL)||TG 53:3|TG53:3||C56H102O6|870,7566|14,50
GLYCEROLIPIDS (GL)||TG 53:5|TG53:5||C56H98O6|866,7288|13,59
GLYCEROLIPIDS (GL)||TG 53:6|TG53:6||C56H96O6|864,7093|13,40
GLYCEROLIPIDS (GL)||TG 54:0|TG54:0||C57H110O6|890,8108|17,33
GLYCEROLIPIDS (GL)||TG 54:1|TG54:1||C57H108O6|888,8030|16,27
GLYCEROLIPIDS (GL)||TG 54:2|TG54:2||C57H106O6|886,7993|15,43
GLYCEROLIPIDS (GL)||TG 54:3|TG54:3||C57H104O6|884,7838|14,75
GLYCEROLIPIDS (GL)||TG 54:4|TG54:4||C57H102O6|882,7616|14,22
GLYCEROLIPIDS (GL)||TG 54:5|TG54:5||C57H100O6|880,7425|13,79
GLYCEROLIPIDS (GL)||TG 54:5|TG54:5||C57H100O6|880,7475|14,02
GLYCEROLIPIDS (GL)||TG 54:5; OH|TG54:5;OH||C57H100O7|896,7572|14,02
GLYCEROLIPIDS (GL)||TG 54:6|TG54:6||C57H98O6|878,7348|13,44
GLYCEROLIPIDS (GL)||TG 54:7|TG54:7||C57H96O6|876,7139|13,32
GLYCEROLIPIDS (GL)||TG 54:7|TG54:7||C57H96O6|876,7192|13,15
GLYCEROLIPIDS (GL)||TG 54:7;OH|TG54:7;OH||C57H96O7|892,7328|13,15
GLYCEROLIPIDS (GL)||TG 54:8|TG54:8||C57H94O6|874,6932|13,14
GLYCEROLIPIDS (GL)||TG 56:10|TG56:10||C61H98O6|926,7077|13,15
GLYCEROLIPIDS (GL)||TG 56:3|TG56:3||C59H108O6|912,7957|15,40
GLYCEROLIPIDS (GL)||TG 56:4|TG56:4||C59H106O6|910,8030|14,90
GLYCEROLIPIDS (GL)||TG 56:5|TG56:5||C59H104O6|908,7644|14,22
GLYCEROLIPIDS (GL)||TG 56:5|TG56:5||C59H104O6|908,7654|14,40
GLYCEROLIPIDS (GL)||TG 56:6|TG56:6||C59H102O6|906,7578|14,00
GLYCEROLIPIDS (GL)||TG 56:6;OH|TG56:6;OH||C59H102O7|922,7822|13,80
GLYCEROLIPIDS (GL)||TG 56:7|TG56:7||C59H100O6|904,7521|13,62
GLYCEROLIPIDS (GL)||TG 56:8|TG56:8||C59H98O6|902,7273|13,49
GLYCEROLIPIDS (GL)||TG 58:6|TG58:6||C61H106O6|934,7928|14,27
GLYCEROLIPIDS (GL)||TG 58:8|TG58:8||C61H102O6|930,7534|13,80
GLYCEROLIPIDS (GL)||TG 58:9|TG58:9||C61H100O6|928,7449|13,45
